set,kind,market_id,title,prefilter,prefilter_family,market_slug,event_slug,event_title
c,prefilter-exclusions (Unknown & prefilter=EXCLUDE),0xc09bf910db8c1f782fffefe7e9136fdf350cadd662eb411ffa4a37b29dc71e2e,Solana Up or Down on November 9?,EXCLUDE,crypto_updown,,,
c,prefilter-exclusions (Unknown & prefilter=EXCLUDE),0x0396460f160f943bef31513937fcbe015c0000000000000000000000000000,BK Hacken vs. AIK: O/U 3.5 AND Randers FC vs. Silkeborg IF: O/U 2.5 AND Rosenborg BK vs. Fredrikstad FK: O/U 2.5 AND Stabaek IF vs. Hoedd IL: O/U 3.5 AND Osters IF vs. Varbergs BoIS: O/U 3.5,EXCLUDE,sports_line,,,
c,prefilter-exclusions (Unknown & prefilter=EXCLUDE),0xd48c6da4cd9c9aef1fc06ce73a8520846da8ace61882cd9fbf42edb398a68705,"Will the price of Bitcoin be above $109,500 on September 6 at 4PM ET?",EXCLUDE,crypto_price_level,,,
c,prefilter-exclusions (Unknown & prefilter=EXCLUDE),0xe1f82b96a406e62408361a173373535ae6197a17c6b7f4b35c286c59517c3913,"Solana Up or Down - November 25, 5:00PM-5:15PM ET",EXCLUDE,crypto_updown,,,
c,prefilter-exclusions (Unknown & prefilter=EXCLUDE),0x7df307fb4bcce31ce87731681b60494f81053971355b5637b1b9d8ee4418841b,"Ethereum Up or Down - January 22, 4PM ET",EXCLUDE,crypto_updown,,,
c,prefilter-exclusions (Unknown & prefilter=EXCLUDE),0x762b68ac84c981c949476d72582ac220582acb20fc46c36226088d1144abe6a0,"XRP Up or Down - November 13, 11:30PM-11:45PM ET",EXCLUDE,crypto_updown,,,
c,prefilter-exclusions (Unknown & prefilter=EXCLUDE),0xfb88e8cf4d8a70cc511380de62645bb727dc26478f4104d9123bedd9e9c7855a,"Ethereum Up or Down - February 8, 12PM ET",EXCLUDE,crypto_updown,,,
c,prefilter-exclusions (Unknown & prefilter=EXCLUDE),0x8248e97f4905ea83ccf1b45175a7c13dc4bd1be4f2eeb1d116ffae80d78ae689,"Ethereum Up or Down - December 21, 9:00AM-9:15AM ET",EXCLUDE,crypto_updown,,,
c,prefilter-exclusions (Unknown & prefilter=EXCLUDE),0x42439a4087dc06ebae8fb3241201c2e324452c5314ad220fa55821a4168ab3a4,"Bitcoin Up or Down - March 29, 9:10PM-9:15PM ET",EXCLUDE,crypto_updown,,,
c,prefilter-exclusions (Unknown & prefilter=EXCLUDE),0xa52b629ba5840973daf4ad6e9d2390dfc6adae70c1600af1ed3543728218070b,"Bitcoin Up or Down - February 21, 7:35PM-7:40PM ET",EXCLUDE,crypto_updown,,,
c,prefilter-exclusions (Unknown & prefilter=EXCLUDE),0x88e44cae9372e8e582efd8418b27c88cb38f1c1521cda8c145fda503f8ea6912,Will the highest temperature in Manila be 32°C on May 21?,EXCLUDE,weather,,,
c,prefilter-exclusions (Unknown & prefilter=EXCLUDE),0x6f5e43616a8ab13fdaa6a0358bca71f1dd871771fb4bd2d056587a287241a2a6,Will Manchester United FC vs. Nottingham Forest FC end in a draw?,EXCLUDE,sports_line,,,
c,prefilter-exclusions (Unknown & prefilter=EXCLUDE),0x210c19fa32c0c52c020ade213c9a17a7ee3f3a5de41534bb37d174cbde89dedb,Will CF Monterrey win on 2026-03-13?,EXCLUDE,sports_match_date,,,
c,prefilter-exclusions (Unknown & prefilter=EXCLUDE),0x99fa88c3201c825db21eb45c0f041a20c9001cf2ce62186793f055cdebf43f93,"Bitcoin Up or Down - June 7, 12:15AM-12:30AM ET",EXCLUDE,crypto_updown,,,
c,prefilter-exclusions (Unknown & prefilter=EXCLUDE),0x8c0eda9f5a988eb9120533d44018002f473408b7751af897b5b4e24952dde26f,"Bitcoin Up or Down - July 25, 1:50AM-1:55AM ET",EXCLUDE,crypto_updown,,,
c,prefilter-exclusions (Unknown & prefilter=EXCLUDE),0x6503233cb6fc2a5e25e700a52962bc9ffad691818548b69743c7c55210ed7d81,LoL: WLGaming Esports vs Partizan Sangal - Game 1 Winner,EXCLUDE,sports_set_map,,,
c,prefilter-exclusions (Unknown & prefilter=EXCLUDE),0xf56d55d33a2521402ee1fbb1f8888ecb4a920eaeb1f8d7e8c74a2973eb2a7485,Will Rayo Vallecano de Madrid win on 2025-12-15?,EXCLUDE,sports_match_date,,,
c,prefilter-exclusions (Unknown & prefilter=EXCLUDE),0xb60c67b03c2a62001feb5949eedf0fcfd63e34bc735e6377bef6f69d8640c3b9,"Solana Up or Down - May 20, 11:30PM-11:45PM ET",EXCLUDE,crypto_updown,,,
c,prefilter-exclusions (Unknown & prefilter=EXCLUDE),0x9617b04a06c1a40acff407dac4efbaa0fe9c26152468ac74d72f91355e6f7605,Blues vs. Capitals: O/U 5.5,EXCLUDE,sports_line,,,
c,prefilter-exclusions (Unknown & prefilter=EXCLUDE),0x9dc76170f86f8709170188b677ee91d55ee45b1a25972aad2b10a1640254d3ac,Spread: Cruzeiro EC (-1.5),EXCLUDE,sports_line,,,
c,prefilter-exclusions (Unknown & prefilter=EXCLUDE),0x4c719c55c19b5952367cd862ad5174a09c257d6489f78a8919f7d457de9ff3b8,Will the highest temperature in Ankara be 19°C on April 22?,EXCLUDE,weather,,,
c,prefilter-exclusions (Unknown & prefilter=EXCLUDE),0x21cb499cb1a796eea5aa3fa55f2ca4bd97b079c866aa49747ebc38a2ef949eba,Deportivo Toluca FC vs. Atlético San Luis: O/U 4.5,EXCLUDE,sports_line,,,
c,prefilter-exclusions (Unknown & prefilter=EXCLUDE),0xc65afdc09dbbedf94c765c776bfc1e18e7d20e9a2cd8bccd50ef27ed643dc879,Will the highest temperature in Chengdu be 26°C on May 4?,EXCLUDE,weather,,,
c,prefilter-exclusions (Unknown & prefilter=EXCLUDE),0x0084c5f04842036e4614a294ab00db9e0c4230c8d7b58807b3db18502663a601,Liverpool FC vs. Brighton & Hove Albion FC: O/U 2.5,EXCLUDE,sports_line,,,
c,prefilter-exclusions (Unknown & prefilter=EXCLUDE),0x16d2f748b609899b804005b74f3b4969f2062fd0736d1a7dee2db1918158bc29,Humbert vs. Ymer: Match O/U 22.5,EXCLUDE,sports_line,,,
c,prefilter-exclusions (Unknown & prefilter=EXCLUDE),0xed03f67b9bd645307178e132fd438958392ce5e69ee0c95e0ac48eb81d5369ff,Will the price of Solana be above $100 on December 25?,EXCLUDE,crypto_price_level,,,
c,prefilter-exclusions (Unknown & prefilter=EXCLUDE),0xb0403061979a4a9d308a07811a6691ae3b9ba828eaa84f78a3944e1d3823dd1b,Frech vs. Zhang: Set 1 Games O/U 8.5,EXCLUDE,sports_line,,,
c,prefilter-exclusions (Unknown & prefilter=EXCLUDE),0x9e6290492aa30bc84767b40642e558812da877359a0ef6e251f79308f38ceca1,Counter-Strike: G2 vs M80 (BO1) - Esports World Cup Group A,EXCLUDE,esports,,,
c,prefilter-exclusions (Unknown & prefilter=EXCLUDE),0x030592995136632bdee2c264770d3ed6fe0000000000000000000000000000,Will San Jose Earthquakes win on 2026-07-22? AND Will CR Flamengo win on 2026-07-22? AND Will Charlotte FC win on 2026-07-22? AND Will Nashville SC win on 2026-07-22?,EXCLUDE,sports_match_date,,,
c,prefilter-exclusions (Unknown & prefilter=EXCLUDE),0x17c95fb649a90901d8939200b8a3477b48388601f0b4e3aca17fb37490b983e5,"XRP Up or Down - June 2, 6:45AM-6:50AM ET",EXCLUDE,crypto_updown,,,
c,prefilter-exclusions (Unknown & prefilter=EXCLUDE),0xbaedb5b0bb0ed26b01b130bc6ac3b9a4c78489c1b81de5071e51ad979dcf310f,"Solana Up or Down - April 11, 3:50AM-3:55AM ET",EXCLUDE,crypto_updown,,,
c,prefilter-exclusions (Unknown & prefilter=EXCLUDE),0x0170fd8f29c78a0d42863fde2216853fd9824523c0cad2da73f3227197563281,"Bitcoin Up or Down - May 27, 10:05PM-10:10PM ET",EXCLUDE,crypto_updown,,,
c,prefilter-exclusions (Unknown & prefilter=EXCLUDE),0xff0e8878baf0fc9e262b2b592a3d20a45834e26297a1b52053c50a1e65b95082,Will Llaneros FC vs. Jaguares de Córdoba FC end in a draw?,EXCLUDE,sports_line,,,
c,prefilter-exclusions (Unknown & prefilter=EXCLUDE),0xe5519af59eb3762b3d28012c2688a0f0825a153ea5964fdd2d5236c81d959f39,Shenzhen Xinpengcheng FC vs. Chongqing Tonglianglong FC: O/U 2.5,EXCLUDE,sports_line,,,
c,prefilter-exclusions (Unknown & prefilter=EXCLUDE),0xe75c686ee9704f89ca109f7963a8c341d030007aaaafed8a3283be30e075ce7b,"Bitcoin Up or Down - January 30, 7:00AM-7:15AM ET",EXCLUDE,crypto_updown,,,
c,prefilter-exclusions (Unknown & prefilter=EXCLUDE),0x18e75bacf7ef07c21285f8799ece3a9e33b09460b1deec729abfed228b923ea6,Will FC Groningen win on 2026-01-10?,EXCLUDE,sports_match_date,,,
c,prefilter-exclusions (Unknown & prefilter=EXCLUDE),0xd498ac9c9fd4e3cf61b5ea12e98275745e02371a8bae93ec857b42323196ac3c,76ers vs. Pistons: O/U 228.5,EXCLUDE,sports_line,,,
c,prefilter-exclusions (Unknown & prefilter=EXCLUDE),0xa0264a3068fc663c3244771433a1d6ba3687ac3092253367c06b3e6d434bda80,Will the highest temperature in Kuala Lumpur be 26°C or below on May 25?,EXCLUDE,weather,,,
c,prefilter-exclusions (Unknown & prefilter=EXCLUDE),0xbb0287d534d018746908464882f1d1855625519a49dce96ea795fee6881f7d24,"Bitcoin Up or Down - March 29, 11:50AM-11:55AM ET",EXCLUDE,crypto_updown,,,
c,prefilter-exclusions (Unknown & prefilter=EXCLUDE),0x8db310029070dafb4a22bc95315a668ca548ad142001b930d25e4b33877fad28,"Will the price of Bitcoin be above $113,000 on September 24 at 4PM ET?",EXCLUDE,crypto_price_level,,,
c,prefilter-exclusions (Unknown & prefilter=EXCLUDE),0x6beb2b95face9366e0d906b9e71b5d8706d92b226617b96390452b0410fd6fd3,"Ethereum Up or Down - January 7, 11:15PM-11:30PM ET",EXCLUDE,crypto_updown,,,
c,prefilter-exclusions (Unknown & prefilter=EXCLUDE),0x68c46e1494df51430075440cd4d344511dde5680d109bf8154ec038a56b80765,Wolverhampton Wanderers FC vs. Sunderland AFC: O/U 1.5,EXCLUDE,sports_line,,,
c,prefilter-exclusions (Unknown & prefilter=EXCLUDE),0xac2c2b76ef28ebddaf7c533bc213901b7b575fa259053ef09ee7e6faa1197db1,"Bitcoin Up or Down - September 22, 9:15AM-9:30AM ET",EXCLUDE,crypto_updown,,,
c,prefilter-exclusions (Unknown & prefilter=EXCLUDE),0x5295e2a3582080a842ae75bddec5fcefd241364e22a803a48f7b8681c31aa0b4,ITF Ourense: Ekaterina Yashina vs Alicia Dudeney,EXCLUDE,sports_league,,,
c,prefilter-exclusions (Unknown & prefilter=EXCLUDE),0x756e035ed69e284af6fb76f7d266ead74092022e3ddfdb5382674fa81a8869e7,ITF Pitesti: Edoardo Cherie Ligniere vs Stefan Adrian Andreescu,EXCLUDE,sports_league,,,
c,prefilter-exclusions (Unknown & prefilter=EXCLUDE),0x267478504c1f54b1bb464e3b2a31dcb91f6591006601283f0b74f4adcc582fcb,"Ethereum Up or Down - January 1, 5:45AM-6:00AM ET",EXCLUDE,crypto_updown,,,
c,prefilter-exclusions (Unknown & prefilter=EXCLUDE),0x7303e580e13029c0cc4b7a5d781ea1fde70cf887c7cd69de972f35170ed4bdcd,"Bitcoin Up or Down - February 8, 7PM ET",EXCLUDE,crypto_updown,,,
c,prefilter-exclusions (Unknown & prefilter=EXCLUDE),0x33d214343356eaff270d22a071867945888e1fdcf514a60e04cfa0d027d7563c,"Bitcoin Up or Down - April 26, 12:15PM-12:30PM ET",EXCLUDE,crypto_updown,,,
c,prefilter-exclusions (Unknown & prefilter=EXCLUDE),0x25089b3fcfae6470fc43e82ac9835b204c50e0d00fdcfe2968c3a9cc0808f10a,Will the highest temperature in Shenzhen be 37°C or higher on June 5?,EXCLUDE,weather,,,
c,prefilter-exclusions (Unknown & prefilter=EXCLUDE),0xa5e4371cefb90bfc528315f94a3881e765cc02df92093d44cf43e745aa74926d,Will the highest temperature in Sao Paulo be 23°C on May 3?,EXCLUDE,weather,,,
c,prefilter-exclusions (Unknown & prefilter=EXCLUDE),0xbdf94fbe7927ddc76fb8c847288b72df51ad48713dedbff9015bc63e59ea58e1,"Ethereum above 1,720 on July 6, 9AM ET?",EXCLUDE,crypto_price_level,,,
c,prefilter-exclusions (Unknown & prefilter=EXCLUDE),0x1bd5fd845c7ac4ca63eb079d840c27c585a1e669a3c38dfe5cf0da268430ccca,"Solana Up or Down - June 13, 11:35PM-11:40PM ET",EXCLUDE,crypto_updown,,,
c,prefilter-exclusions (Unknown & prefilter=EXCLUDE),0x0399e81f2d08c39ab57a966e73adea64f30000000000000000000000000000,United States vs. Belgium: O/U 9.5 Total Corners AND United States vs. Belgium: O/U 2.5 AND United States vs. Belgium: Team to Advance AND United States vs. Belgium: 1st Half O/U 1.5,EXCLUDE,sports_line,,,
c,prefilter-exclusions (Unknown & prefilter=EXCLUDE),0xac97f57cd13e7eb3ad9d925c0abed88c9afab48a0fe9013e5b961e7d37fd8536,Will Dmitri Simashev win the 2025–2026 NHL Calder Memorial Trophy?,EXCLUDE,sports_league,,,
c,prefilter-exclusions (Unknown & prefilter=EXCLUDE),0x39c4652f5e77f062f303afc4faee7fab22d19491ee51265fe5db6a7d307aa9f0,"Bitcoin Up or Down - July 3, 4:25AM-4:30AM ET",EXCLUDE,crypto_updown,,,
c,prefilter-exclusions (Unknown & prefilter=EXCLUDE),0x6b01d811f8511e4939e04264994e277c3a8269c56d6f50ec6875026f7008a453,"Bitcoin above 62,400 on June 25, 10AM ET?",EXCLUDE,crypto_price_level,,,
c,prefilter-exclusions (Unknown & prefilter=EXCLUDE),0xb38d2e05be0dfb63f3721747faeaed67f26ae81bfe9216644a0e60f289460743,Set 1 Winner: Shnaider vs Maria,EXCLUDE,sports_set_map,,,
c,prefilter-exclusions (Unknown & prefilter=EXCLUDE),0xa330aaca6ed1e462e5162cae8591543c8c4f75f044cd99bf94621ee38930996d,"Bitcoin Up or Down - November 24, 6:00AM-6:15AM ET",EXCLUDE,crypto_updown,,,
c,prefilter-exclusions (Unknown & prefilter=EXCLUDE),0x664a61971e3cdb32c007a49eb712f7e9276afcd261e89fd0afeaf10191945140,Will Meta (META) finish week of March 23 above $600?,EXCLUDE,stocks,,,
c,prefilter-exclusions (Unknown & prefilter=EXCLUDE),0x691ab9d1e155569f27803beb23f36bf8de726d30156f211b6d4f2e64fe637827,Will Scotland reach the 2026 FIFA World Cup final?,EXCLUDE,sports_league,,,
c,prefilter-exclusions (Unknown & prefilter=EXCLUDE),0x32b1775fb991bb58c293fba388ef8f47cf6982bb85311a661c1da94aa70d4e70,ITF Roehampton: Monika Ekstrand vs Katarina Kuzmova,EXCLUDE,sports_league,,,
c,prefilter-exclusions (Unknown & prefilter=EXCLUDE),0x9d1d6398c53ac96833d0c607dad64f05a704097bde4b0f58608e4a9473668b27,"Bitcoin Up or Down - May 28, 12:45AM-1:00AM ET",EXCLUDE,crypto_updown,,,
c,prefilter-exclusions (Unknown & prefilter=EXCLUDE),0x5a1d896350fd40710994e47adb7baca60048e5803525c406be0e2f903a95d817,UFC 318 Parlay – Holloway + Holland ,EXCLUDE,sports_league,,,
c,prefilter-exclusions (Unknown & prefilter=EXCLUDE),0xe9925b5c4b44be39fc702a0a59a99fb1f682b1f77fe7074f41871cab38e8886f,"Ethereum Up or Down - May 11, 9:45PM-10:00PM ET",EXCLUDE,crypto_updown,,,
c,prefilter-exclusions (Unknown & prefilter=EXCLUDE),0x52c1289d675e0d4255b38cf318eb8d43b193e0307a2391a51501a4f7b0bc0be1,Juventus Turin vs. Inter Milano: O/U 3.5,EXCLUDE,sports_line,,,
c,prefilter-exclusions (Unknown & prefilter=EXCLUDE),0x74fb372e72f4d57f5b407daf7fff9c1093c8bf70b9b25bc1331f8a7f436de513,Will the highest temperature in Los Angeles be between 70-71°F on June 4?,EXCLUDE,weather,,,
c,prefilter-exclusions (Unknown & prefilter=EXCLUDE),0xd75fde9c8dfadb3cc4557998bd324f1ffec01bbd2ba928b9d7d22915cd88202b,"Solana Up or Down - July 21, 4:20AM-4:25AM ET",EXCLUDE,crypto_updown,,,
c,prefilter-exclusions (Unknown & prefilter=EXCLUDE),0xbe868ea1ca48c341206f4d55256eab9168b7112294b7e3892df00b50e1cb8eda,"Bitcoin Up or Down - July 12, 11:30AM-11:45AM ET",EXCLUDE,crypto_updown,,,
c,prefilter-exclusions (Unknown & prefilter=EXCLUDE),0x7231eb63f05981fd34fcc3d84e4cebd1184445838c4f88092463246b9c942fb2,"Solana Up or Down - June 3, 2:00AM-2:05AM ET",EXCLUDE,crypto_updown,,,
c,prefilter-exclusions (Unknown & prefilter=EXCLUDE),0x77d1fbf7408b11dba8225c12cd398d30ffbfc0f4c4100c2b4c06aed19a98c9cc,"Bitcoin Up or Down - July 29, 1:40PM-1:45PM ET",EXCLUDE,crypto_updown,,,
c,prefilter-exclusions (Unknown & prefilter=EXCLUDE),0x8cc9632ec680d6aedb9ffc033af073596b3f6504ccfaff73e74c985c727b1bdb,1. FC Cologne vs. Real Sociedad San Sebastian: O/U 3.5,EXCLUDE,sports_line,,,
c,prefilter-exclusions (Unknown & prefilter=EXCLUDE),0xb6f548aa0e738c6b0c7c02f2469901088e84dc5624efd558582e9ffdf36edf16,ITF Bielsko Biala: Vladyslav Orlov vs Wojciech Marek,EXCLUDE,sports_league,,,
c,prefilter-exclusions (Unknown & prefilter=EXCLUDE),0x649b6c5493af14941ba6bd2a2dcfaeeaf0282a85f3ebe42ec9f7798a9504fff2,LoL: Top Esports vs LGD Gaming - Game 2 Winner,EXCLUDE,sports_set_map,,,
c,prefilter-exclusions (Unknown & prefilter=EXCLUDE),0x1a635e6a12d9ebd97c00afe58e6fa054ecb3bf51018a091ea72b0e1525ea0018,Pacers vs. Pistons: 1H O/U 112.5,EXCLUDE,sports_line,,,
c,prefilter-exclusions (Unknown & prefilter=EXCLUDE),0x4a4c72eb60419291d8c3fe19203f3f5e9591d30de12ac3d91ba130a05268b321,"Ethereum Up or Down - January 14, 5:30PM-5:45PM ET",EXCLUDE,crypto_updown,,,
c,prefilter-exclusions (Unknown & prefilter=EXCLUDE),0x79562c37565bfecac4fa4a948ac3220000e2695fa838caf781958a8864b1f729,"XRP Up or Down - May 16, 4:55PM-5:00PM ET",EXCLUDE,crypto_updown,,,
c,prefilter-exclusions (Unknown & prefilter=EXCLUDE),0x73965ec1ce2bedc11cfe527c371d892bf6e8a4810eb4e5c54a1ceaeb4706112a,San Diego Padres vs. Washington Nationals: O/U 8.5,EXCLUDE,sports_line,,,
c,prefilter-exclusions (Unknown & prefilter=EXCLUDE),0xcbacbed18e7f758dabfe1797fef11752aade31c54b26548fc0346dd4bad794be,"Solana Up or Down - June 21, 1:45AM-2:00AM ET",EXCLUDE,crypto_updown,,,
c,prefilter-exclusions (Unknown & prefilter=EXCLUDE),0x0f9b9aa34ebfb2358b2cf7d10381f1eb525d6c431a5784d5de05426a979095f4,"Bitcoin Up or Down - March 4, 6:45PM-7:00PM ET",EXCLUDE,crypto_updown,,,
c,prefilter-exclusions (Unknown & prefilter=EXCLUDE),0xdafcdf5bf9bd2a03497f8523be7e85feb236cdef1218068367a530fdbffbd28a,Will the highest temperature in Atlanta be between 84-85°F on August 11?,EXCLUDE,weather,,,
c,prefilter-exclusions (Unknown & prefilter=EXCLUDE),0x8540ded810d426ac6ed7e77066e382ba6715e60e33a897f1ac40a9fc91ef0c11,"Ethereum above 1,930 on July 14, 8PM ET?",EXCLUDE,crypto_price_level,,,
c,prefilter-exclusions (Unknown & prefilter=EXCLUDE),0x753b093dc878e2dfb858266980eb769695aea0d05f5b9bbc847a154446e289f0,WNBA Semifinals: Aces vs. Fever Series Winner,EXCLUDE,sports_league,,,
c,prefilter-exclusions (Unknown & prefilter=EXCLUDE),0x5e2f967b681160dc296612c07347ea5a76863740d9f28ce9cba4889cd84f279b,"XRP Up or Down - May 5, 2:30AM-2:35AM ET",EXCLUDE,crypto_updown,,,
c,prefilter-exclusions (Unknown & prefilter=EXCLUDE),0xf7c0025c908adf08681ccc490bfc42238d9e49a1fe65c796db8ec3f841834290,Will Paris FC win on 2025-10-19?,EXCLUDE,sports_match_date,,,
c,prefilter-exclusions (Unknown & prefilter=EXCLUDE),0xfd7dfe714cbd149ea1591c7c27301ab6732ed09da457addbf08f748259248407,Will AFC Bournemouth win on 2026-01-24?,EXCLUDE,sports_match_date,,,
c,prefilter-exclusions (Unknown & prefilter=EXCLUDE),0x3baff8337c8fffe99d998ee15817ec016bc7e2851152ef182e961af046af0c1e,"Ethereum Up or Down - June 25, 4:45AM-4:50AM ET",EXCLUDE,crypto_updown,,,
c,prefilter-exclusions (Unknown & prefilter=EXCLUDE),0x7dbbcadbd42ac43e414128e9446c6def2b1d02c85fea2d86c17521b4c4b71ad7,Will Cruzeiro EC win on 2026-04-15?,EXCLUDE,sports_match_date,,,
c,prefilter-exclusions (Unknown & prefilter=EXCLUDE),0x9ea9018ec2d98210bb90ad7dc00bb42183ae6332924e14859880d521c1a01b09,Set 1 Winner: Rybakina vs Juvan,EXCLUDE,sports_set_map,,,
c,prefilter-exclusions (Unknown & prefilter=EXCLUDE),0x6895e52a477412e8a5521869ac278335e8acf581abea0ffc856cf199e2f0ec42,Solana Up or Down on December 8?,EXCLUDE,crypto_updown,,,
c,prefilter-exclusions (Unknown & prefilter=EXCLUDE),0x48792617aabc5409fd23a06b84bdec3d2f5495e11d9a9a0851017ec53c200ea4,"Solana Up or Down - May 31, 5:00AM-5:15AM ET",EXCLUDE,crypto_updown,,,
c,prefilter-exclusions (Unknown & prefilter=EXCLUDE),0xc67de726b70f71c39ace3b42f8cbdf49aed82d39f6e2edd16dfcd611f4fbaf5b,Will Udinese Calcio win on 2025-12-14?,EXCLUDE,sports_match_date,,,
c,prefilter-exclusions (Unknown & prefilter=EXCLUDE),0xa6a5badb636a1d0db37bd00ac5d05b262e3ec2b73dae43c41d4524b188cd312a,"Hyperliquid Up or Down - June 12, 4:00AM-4:05AM ET",EXCLUDE,crypto_updown,,,
c,prefilter-exclusions (Unknown & prefilter=EXCLUDE),0xec78bbb4bb7e0496f7de4641b0e7d3cd7c5086a56aad86976d8b905da1f6a5f3,UIC Flames vs. Chicago State Cougars: O/U 157.5,EXCLUDE,sports_line,,,
c,prefilter-exclusions (Unknown & prefilter=EXCLUDE),0x7ab1c8413c00a3b44064bc00823ff44d3796aa05343c87a1a814cd522dabad55,Will the highest temperature in Moscow be 8°C on April 6?,EXCLUDE,weather,,,
c,prefilter-exclusions (Unknown & prefilter=EXCLUDE),0xdbd099d12408b81a8a373a666e065234f7e8399d02d6776f4f8e45a30e41a0a1,Will Botafogo FR vs. EC Vitória end in a draw?,EXCLUDE,sports_line,,,
c,prefilter-exclusions (Unknown & prefilter=EXCLUDE),0x9f89aa3f7ea05fa8d38f8cefa58329260d2e8d44139bab7aebad01e71a5570ca,San Diego Padres vs. Kansas City Royals: O/U 9.5,EXCLUDE,sports_line,,,
c,prefilter-exclusions (Unknown & prefilter=EXCLUDE),0xece697efbd2a9de3049a56d791811fa16d4af677bc6a09c018be29e7e19bdeab,KBO: Kia Tigers vs. KT Wiz,EXCLUDE,sports_league,,,
c,prefilter-exclusions (Unknown & prefilter=EXCLUDE),0x5e2bf6ecd979112f88c31333d8d7d70f9fd9cd46ef103fc3417aecd5d2311197,"XRP Up or Down - July 6, 4:45PM-5:00PM ET",EXCLUDE,crypto_updown,,,
c,prefilter-exclusions (Unknown & prefilter=EXCLUDE),0x0f69ab55f79e1e3a21dd77b693f9dbc7447bca1bd8cfb24a5e8c418338148e35,"Solana Up or Down - March 29, 5:00PM-5:15PM ET",EXCLUDE,crypto_updown,,,
c,prefilter-exclusions (Unknown & prefilter=EXCLUDE),0x5cb5d6462a2ee5242a16f8df71ab3f9a319399caa6becd678ab25b84d42f284a,"Bitcoin Up or Down - September 25, 9:00PM-9:15PM ET",EXCLUDE,crypto_updown,,,
c,prefilter-exclusions (Unknown & prefilter=EXCLUDE),0xf6ca6cd80853047a28c1d9cb8570263f02303402751fc49f3ad3b76333c0080c,"Bitcoin Up or Down - July 10, 3:50AM-3:55AM ET",EXCLUDE,crypto_updown,,,
c,prefilter-exclusions (Unknown & prefilter=EXCLUDE),0x1ca950f4186a365036dec48104bc5ded0757ef2ba382f7b10ba34551ffbc1afe,"XRP Up or Down - October 7, 3PM ET",EXCLUDE,crypto_updown,,,
c,prefilter-exclusions (Unknown & prefilter=EXCLUDE),0x8a7e3c3f3ac0fc2a266b9a3e46f191a10cf0c1100b3dbd9b494aa8687457acf6,"Bitcoin above 63,200 on July 24, 6PM ET?",EXCLUDE,crypto_price_level,,,
c,prefilter-exclusions (Unknown & prefilter=EXCLUDE),0xcbb1d4bb554743a54000aa10a70170f788887001bc363dee33a036c85619ce6d,"Will the price of Ethereum be above $4,600 on September 21 at 12PM ET?",EXCLUDE,crypto_price_level,,,
c,prefilter-exclusions (Unknown & prefilter=EXCLUDE),0x278b6284e7e41001ffbc5ca32088a279a7f5b2a866cc2ed41e063cd312b30329,SPY (SPY) Up or Down on May 18?,EXCLUDE,crypto_updown,,,
c,prefilter-exclusions (Unknown & prefilter=EXCLUDE),0xc668c0783ad795d9749fe973bb754f3a8fa44e6cb3eefb0c593501d82e494f52,Will FC Tōkyō win on 2026-03-14?,EXCLUDE,sports_match_date,,,
c,prefilter-exclusions (Unknown & prefilter=EXCLUDE),0x755ef4183ba1ce4a831f924db5afc024c264db99fe9717d86f83d8dfc0fdd4a3,"Solana Up or Down - March 30, 10:30AM-10:35AM ET",EXCLUDE,crypto_updown,,,
c,prefilter-exclusions (Unknown & prefilter=EXCLUDE),0x244c9f261ce08b81abbee7fa6aecc5f9136f1ca4b311a110cedd9eee147120d4,"Ethereum Up or Down - February 10, 5:30AM-5:45AM ET",EXCLUDE,crypto_updown,,,
c,prefilter-exclusions (Unknown & prefilter=EXCLUDE),0xdb30b1c499b8ef7d7204604594ce16e3d75451abbdbcc08f007bb76d97cb8389,"XRP Up or Down - February 25, 6:30PM-6:45PM ET",EXCLUDE,crypto_updown,,,
c,prefilter-exclusions (Unknown & prefilter=EXCLUDE),0x20e9e0d6c8fbd9cdf7dd8e1126786d104606eee4fd9119a7be588a8c99ae7b98,"Ethereum Up or Down - June 7, 6:25AM-6:30AM ET",EXCLUDE,crypto_updown,,,
c,prefilter-exclusions (Unknown & prefilter=EXCLUDE),0xc5eca22ec65e81536f36fd32afb94fccf72e0baa54f61ca152b6de642fbdaeb6,LoL: LOS vs Leviatan Esports - Game 2 Winner,EXCLUDE,sports_set_map,,,
c,prefilter-exclusions (Unknown & prefilter=EXCLUDE),0xf72903cb9eab1abb66e444224a44fd6e0fefabc9da36c455e48e97e44db63e55,Miami Marlins vs. New York Yankees: O/U 8.5,EXCLUDE,sports_line,,,
c,prefilter-exclusions (Unknown & prefilter=EXCLUDE),0xba8be7e4fc937c0b7ab6cc1a7a548ed88a72cf04b136ba8b1ac6593b57d42cd3,"Solana Up or Down - January 26, 9:45AM-10:00AM ET",EXCLUDE,crypto_updown,,,
c,prefilter-exclusions (Unknown & prefilter=EXCLUDE),0x9e182b61fb9304c1557e2aebbf81b546337ebf8cf821926bb199574abb1e099a,"Bitcoin Up or Down - May 14, 5:30PM-5:45PM ET",EXCLUDE,crypto_updown,,,
c,prefilter-exclusions (Unknown & prefilter=EXCLUDE),0x6c570bcb0088e0e84b111d5b7a5fc714fec2945e94fc8dfab4db3fcc20b27fcb,Counter-Strike: Liquid vs Vitality - Map 2 Winner,EXCLUDE,sports_set_map,,,
c,prefilter-exclusions (Unknown & prefilter=EXCLUDE),0x9ea3571193e7e9ecf01e7172f9fc1d926aae9978b12124a447bed8387af07ce0,"Bitcoin Up or Down - April 17, 12:10PM-12:15PM ET",EXCLUDE,crypto_updown,,,
c,prefilter-exclusions (Unknown & prefilter=EXCLUDE),0x5fc8ce1d3bdc333400e4e6e70bcfd66a0c99fe3581277cb075482e3cc3f4ed3f,Will the highest temperature in Wellington be 16°C or higher on August 11?,EXCLUDE,weather,,,
c,prefilter-exclusions (Unknown & prefilter=EXCLUDE),0x4159820b33bb17e01c6ae6b741f93a2d1db891f8c9f38661b16d72c90540899e,Will Inter Miami CF win on 2026-08-19?,EXCLUDE,sports_match_date,,,
c,prefilter-exclusions (Unknown & prefilter=EXCLUDE),0xb70373355700feb99fa0c5b87b3b54feeebd6a05419817fe6ab0b1005f3a5ce7,"Bitcoin Up or Down - July 28, 10:00AM-10:15AM ET",EXCLUDE,crypto_updown,,,
c,prefilter-exclusions (Unknown & prefilter=EXCLUDE),0xbfef8a01f2e96af42f4e0bcdbacfa714b2ca7ee1563400baab60f50ad9ebde2b,Set Handicap: Landaluce (-1.5) vs Atmane (+1.5),EXCLUDE,sports_line,,,
c,prefilter-exclusions (Unknown & prefilter=EXCLUDE),0xe4e1665f9ec8dc2834e25d348e14c34b13788b1d89942b79634284eb20ee5cbd,Valorant: Gentle Mates vs FUT Esports - Map 1 Winner,EXCLUDE,sports_set_map,,,
c,prefilter-exclusions (Unknown & prefilter=EXCLUDE),0xcb573bac151af6aa7a444cd40bcd497bc53752a428d394a114d0b8329e7fbd83,"Ethereum Up or Down - September 13, 2:30AM-2:45AM ET",EXCLUDE,crypto_updown,,,
c,prefilter-exclusions (Unknown & prefilter=EXCLUDE),0xc0a6b14fb0d174bc57ffc264a527a883ed0bd7d72cdd2d0a82fc57ab7dc8d436,"Solana Up or Down - May 14, 2:00AM-2:05AM ET",EXCLUDE,crypto_updown,,,
c,prefilter-exclusions (Unknown & prefilter=EXCLUDE),0x03af247b724f77264777ee3ae60020f7520000000000000000000000000000,Taylor Fritz vs. Alexander Zverev: Total Sets O/U 3.5 AND Flavio Cobolli vs. Arthur Fery: Total Sets O/U 3.5 AND Wimbledon ATP: Taylor Fritz vs Alexander Zverev,EXCLUDE,sports_line,,,
c,prefilter-exclusions (Unknown & prefilter=EXCLUDE),0xa033f85a95b4d68263294235e5632f2ffe927cfbf0ff82b595155ac428a11b41,"Bitcoin above 76,400 on May 19, 12AM ET?",EXCLUDE,crypto_price_level,,,
c,prefilter-exclusions (Unknown & prefilter=EXCLUDE),0xe311c89b13ef4c3c7d65b3695c09a3bfc1fdfded00ee156364fe56ee5681239e,Will Galatasaray SK win on 2025-12-09?,EXCLUDE,sports_match_date,,,
c,prefilter-exclusions (Unknown & prefilter=EXCLUDE),0x0b7efcab9754408f0636b061dce7f11ed7bbb63b21783a1b714c9913be8ef216,"Bitcoin Up or Down - April 9, 8:00AM-8:15AM ET",EXCLUDE,crypto_updown,,,
c,prefilter-exclusions (Unknown & prefilter=EXCLUDE),0xfbc3834e766553c95960fa7c7a55c0fd7285a9912fcf97532227393d0979db2d,"HYPE Up or Down - April 9, 1PM ET",EXCLUDE,crypto_updown,,,
c,prefilter-exclusions (Unknown & prefilter=EXCLUDE),0x953243d4012bb9cb99ecd3158b615f2390a60037c72cf92ef65dd51054f955e6,KF Shkëndija 79 vs. Europa FC: O/U 2.5,EXCLUDE,sports_line,,,
c,prefilter-exclusions (Unknown & prefilter=EXCLUDE),0x1b3823f13f0181115d0122a558e917692310714720dc4cabb11809fee7254235,"Solana Up or Down - January 11, 6:00AM-6:15AM ET",EXCLUDE,crypto_updown,,,
c,prefilter-exclusions (Unknown & prefilter=EXCLUDE),0x32b1d90ce580f78e81592feeb38706fe3af577b0d5b5ed1c8505d6612dca885b,Counter-Strike: BORRACHEIROS vs BESTIA Academy - Map 1 Winner,EXCLUDE,sports_set_map,,,
c,prefilter-exclusions (Unknown & prefilter=EXCLUDE),0x03a2cc3815f375c6f45a26c7eb22cf032d0000000000000000000000000000,Toronto Blue Jays vs. Washington Nationals: O/U 9.5 AND Atlanta Braves vs. New York Mets: O/U 8.5 AND Arizona Diamondbacks vs. Pittsburgh Pirates: O/U 9.5 AND Philadelphia Phillies vs. Miami Marlins: O/U 7.5 AND Baltimore Orioles vs. Detroit Tigers: O/U 8.5,EXCLUDE,sports_line,,,
c,prefilter-exclusions (Unknown & prefilter=EXCLUDE),0x573f8323451a4d2412644912d5c0ff26cf7df8921d094852f3ef8d4fd734b8d4,"Ethereum Up or Down - October 7, 12AM ET",EXCLUDE,crypto_updown,,,
c,prefilter-exclusions (Unknown & prefilter=EXCLUDE),0x66c9c3e03370bbcc05ec8a45b54907688713da1cf5dda46668392ac60c26f189,"Bitcoin Up or Down - March 7, 8:45AM-9:00AM ET",EXCLUDE,crypto_updown,,,
c,prefilter-exclusions (Unknown & prefilter=EXCLUDE),0xc4cda2b47e5f3f6ed997ef705d4e309a9833a8b88412658fe803f59909fa8a20,Will Slovakia U21 vs. Italy U21 end in a draw?,EXCLUDE,sports_line,,,
c,prefilter-exclusions (Unknown & prefilter=EXCLUDE),0xd0ae8f86581592899e0458adf4e6e044d3f49a96283de02d31ac199da969d7c4,"Bitcoin Up or Down - March 6, 9:40PM-9:45PM ET",EXCLUDE,crypto_updown,,,
c,prefilter-exclusions (Unknown & prefilter=EXCLUDE),0x6eda76a85314416229a20bb3e87754cae63a24c9396a7935a6b9982d8645b8e4,Will the price of XRP be above $1.80 on December 3?,EXCLUDE,crypto_price_level,,,
c,prefilter-exclusions (Unknown & prefilter=EXCLUDE),0x64b9dcb215c3088854156e89235feb4430c1c4f3708f18b1d74c4fd06bb930b1,"Bitcoin Up or Down - July 24, 8:05AM-8:10AM ET",EXCLUDE,crypto_updown,,,
c,prefilter-exclusions (Unknown & prefilter=EXCLUDE),0x4f6a5f14ca63ea465128895101ed15024c0f83c2e01111249df4744dfdabe141,"Bitcoin Up or Down - July 6, 4:05AM-4:10AM ET",EXCLUDE,crypto_updown,,,
c,prefilter-exclusions (Unknown & prefilter=EXCLUDE),0x64ccd3a051f7d964fc56f488d9aba2a195a0b5bc639266134a25be436deee005,"Bitcoin Up or Down - November 29, 4:15AM-4:30AM ET",EXCLUDE,crypto_updown,,,
c,prefilter-exclusions (Unknown & prefilter=EXCLUDE),0xa890ce4253fe24774cafc1f79b9e219a4bcc1b2999dcc840ca2c1e7cadff6d07,Magic vs. Celtics: O/U 216.5,EXCLUDE,sports_line,,,
c,prefilter-exclusions (Unknown & prefilter=EXCLUDE),0x3d331e4953b651447d8930c5983608cd1144283ba46ae28519ce6bdc53774f08,Exact Score: Portland Timbers 2 - 0 Los Angeles Galaxy?,EXCLUDE,sports_line,,,
c,prefilter-exclusions (Unknown & prefilter=EXCLUDE),0x83d75187dc1b347f3ec8faab98d8a55983a2a2cb50262672734936acde6c042e,Will the highest temperature in Amsterdam be 19°C on May 3?,EXCLUDE,weather,,,
c,prefilter-exclusions (Unknown & prefilter=EXCLUDE),0x8e1e2994f2abf311501afa5bac825934f7a177d044cd2a6ae28080de82388177,Will CD Mirandés win on 2025-12-08?,EXCLUDE,sports_match_date,,,
c,prefilter-exclusions (Unknown & prefilter=EXCLUDE),0x1f6f16c6b2014c1fabe42da5b22c5265d70b3f0c1252bb6c52ba983d1f7534f6,"Ethereum Up or Down - June 30, 12:40PM-12:45PM ET",EXCLUDE,crypto_updown,,,
c,prefilter-exclusions (Unknown & prefilter=EXCLUDE),0x5939f151ab3b90b02d47e6d0b93567f7ffb62c3abac31d5efcda53e449779a64,"Bitcoin Up or Down - August 2, 9:45AM-9:50AM ET",EXCLUDE,crypto_updown,,,
c,prefilter-exclusions (Unknown & prefilter=EXCLUDE),0x57d07a98ac8bd3fbd08ca21c656ab04150197564f0fc6d964d2eaa66cf8158bd,"Bitcoin Up or Down - February 14, 8:20PM-8:25PM ET",EXCLUDE,crypto_updown,,,
c,prefilter-exclusions (Unknown & prefilter=EXCLUDE),0x3602beb5700f3bac6869d96a773707077d779f2c0a859b7d88df98a5c54367ca,Will the highest temperature in Munich be 12°C on April 22?,EXCLUDE,weather,,,
c,prefilter-exclusions (Unknown & prefilter=EXCLUDE),0x52b61f2d6fce99895d4d86c8b83767685ebbb7c1e45a5bdbe60a8da2c268a068,Will the highest temperature in Hong Kong be 30°C on June 3?,EXCLUDE,weather,,,
c,prefilter-exclusions (Unknown & prefilter=EXCLUDE),0xece5590f3a3956a0f851f67e0bdb87beaf8b331d0603f10c6070231beb30b4ac,"XRP Up or Down - May 14, 5AM ET",EXCLUDE,crypto_updown,,,
c,prefilter-exclusions (Unknown & prefilter=EXCLUDE),0xac33f35d8d6118b84f3c0ba946878d4de9d8f4d0f9680d838b4e6439457a507e,"Ethereum Up or Down - July 2, 6:00PM-6:05PM ET",EXCLUDE,crypto_updown,,,
c,prefilter-exclusions (Unknown & prefilter=EXCLUDE),0x51e03224fd5d10df861fc0f56c709a417d1f1b6171bab10d10d4c5c71e677e7b,ICC Cricket World Cup League Two: Nepal vs Scotland,EXCLUDE,sports_league,,,
c,prefilter-exclusions (Unknown & prefilter=EXCLUDE),0xa011baf3e4ff75e8d8239c4565b6b0342e09b7dd553481112d1d2faf3e673e7f,Will the highest temperature in Wellington be 9°C on August 16?,EXCLUDE,weather,,,
c,prefilter-exclusions (Unknown & prefilter=EXCLUDE),0xb55db81a60e3750b05736ff9b942f82dd70a479b334410b026069db448791681,Will Crude Oil (CL) hit (LOW) $90 by end of June?,EXCLUDE,stocks,,,
c,prefilter-exclusions (Unknown & prefilter=EXCLUDE),0x7e5be636c59cce56f9d188b2a5b824138af7c3c62e0abd23d729f05dd092e724,"Ethereum Up or Down - August 9, 7:10PM-7:15PM ET",EXCLUDE,crypto_updown,,,
c,prefilter-exclusions (Unknown & prefilter=EXCLUDE),0x7db59516c90c9927b5428d15ac952b235a9e83c8360866245e2938c6040884c5,Dota 2: Xtreme Gaming vs Heroic - Game 1 Winner,EXCLUDE,sports_set_map,,,
c,prefilter-exclusions (Unknown & prefilter=EXCLUDE),0xfd8224ee1922907881769c5c558878545a08ce8d789cb43083b22ecacbbe3b90,Detroit Tigers vs. Pittsburgh Pirates: O/U 9.5,EXCLUDE,sports_line,,,
c,prefilter-exclusions (Unknown & prefilter=EXCLUDE),0x84f74f1799460207275c2dcb56345220a6d1a387bcc5f000953c5279abe9e074,UFC 319: Green vs. Ferreira,EXCLUDE,sports_league,,,
c,prefilter-exclusions (Unknown & prefilter=EXCLUDE),0x0523a0ed70e99f805570fa4146aa6fcc8005eaf5b4a4fb00611903a6c6d1f5d9,"Bitcoin Up or Down - June 16, 12:30PM-12:45PM ET",EXCLUDE,crypto_updown,,,
c,prefilter-exclusions (Unknown & prefilter=EXCLUDE),0xbbb17e2f3c29afc97ca61c3fb3ff4a65e8d78ca697d814697e71b096d0e28a60,"Dogecoin Up or Down - April 16, 11:10PM-11:15PM ET",EXCLUDE,crypto_updown,,,
c,prefilter-exclusions (Unknown & prefilter=EXCLUDE),0x1d15ca70c93da7338e6134144dd19a41a8120f8a1ad1bca067478cdbf6d5b18a,LoL: Myth Esports vs Dynasty - Game 1 Winner,EXCLUDE,sports_set_map,,,
c,prefilter-exclusions (Unknown & prefilter=EXCLUDE),0x03703389484df3299bd246b019860476fc0000000000000000000000000000,Croatia Open: Roman Andres Burruchaga vs Daniel Merida Aguilar AND Swedish Open: Adolfo Vallejo vs Stefano Travaglia AND Set Handicap: Collignon (-1.5) vs Vacherot (+1.5) AND Swiss Open: Juan Manuel Cerundolo vs Casper Ruud,EXCLUDE,sports_line,,,
c,prefilter-exclusions (Unknown & prefilter=EXCLUDE),0x999e6d381c817110a309c7075e0fbe40e9f1e749adf41582b5ef29e3bd1744f1,Will the price of XRP be above $2.76 on September 4 at 8PM ET?,EXCLUDE,crypto_price_level,,,
c,prefilter-exclusions (Unknown & prefilter=EXCLUDE),0xc45ac94593f66e76cf444726dd841545eb4e7c8672ad060188f9ef6b3b1425a9,Leandro Trossard: 2+ assists,EXCLUDE,sports_prop,,,
c,prefilter-exclusions (Unknown & prefilter=EXCLUDE),0x883e25d922c90f9e77ce831ca8de2e97cbf4b9b37a8e3aff5ad3f03e463d8493,Will the highest temperature in Atlanta be between 58-59°F on March 4?,EXCLUDE,weather,,,
c,prefilter-exclusions (Unknown & prefilter=EXCLUDE),0x7ec2bd74dbc242d9f1ff06aad50f903524d373d0919cce79d0ef6c6afb0bba84,Rockets vs. Warriors: O/U 223.5,EXCLUDE,sports_line,,,
c,prefilter-exclusions (Unknown & prefilter=EXCLUDE),0x62d41142287d86725afc97d7187cff10837fc2d18ce0296e5e9cdaaac8b0d849,"Ethereum above 1,600 on June 28, 12AM ET?",EXCLUDE,crypto_price_level,,,
c,prefilter-exclusions (Unknown & prefilter=EXCLUDE),0xe6620da713e756b9508d93161c6c5764a3f3f145e5946b03054be0d7964b8a3f,"Will Bitcoin dip to $66,000 March 9-15?",EXCLUDE,crypto_price_level,,,
c,prefilter-exclusions (Unknown & prefilter=EXCLUDE),0xf5efd83a9b59d4440605a4341de20de2b27f3248daa0e77dcf54ebd1602b74a8,Yokohama FC vs. RB Ōmiya Ardija: O/U 3.5,EXCLUDE,sports_line,,,
c,prefilter-exclusions (Unknown & prefilter=EXCLUDE),0x42b7c9aa9c03c68a9b3106772ce905022533076a08a1ee51951ac31fb4bd1ef0,"Ethereum Up or Down - July 13, 7:35PM-7:40PM ET",EXCLUDE,crypto_updown,,,
c,prefilter-exclusions (Unknown & prefilter=EXCLUDE),0x0543b5c295b57e164722cc56c129c87c85e2beca37c09130c0e892627897ad1c,Spread: Georgia Bulldogs (-37.5),EXCLUDE,sports_line,,,
c,prefilter-exclusions (Unknown & prefilter=EXCLUDE),0x1ae3ca0d3086eb5be4f9373228d9ffd16119784506c3348758a9d8da7f91d281,Will CA Aldosivi win on 2026-08-02?,EXCLUDE,sports_match_date,,,
c,prefilter-exclusions (Unknown & prefilter=EXCLUDE),0x6b24bfc422671237a24cff5078999d350a513c1d1c11ae652ae2986fb198f7af,Jaylen Brown: Rebounds O/U 5.5,EXCLUDE,sports_line,,,
c,prefilter-exclusions (Unknown & prefilter=EXCLUDE),0x1467578c0990b3cb6b13db8f6439969442c1c305ce0071e91bf3ff2215847456,Counter-Strike: Betclic Apogee Esports vs INOX Division - Map 1 Winner,EXCLUDE,sports_set_map,,,
c,prefilter-exclusions (Unknown & prefilter=EXCLUDE),0x17a2cd35d3d1282ae0e9695c9c230fe49b1191cfa5a77a06bea990062d40d48e,"Bitcoin Up or Down - April 6, 7:25PM-7:30PM ET",EXCLUDE,crypto_updown,,,
c,prefilter-exclusions (Unknown & prefilter=EXCLUDE),0xdc69ef21d7830e9931d78d36d2da0c452a53d8033d70fdfd805d5c9d33bb27a3,"Ethereum Up or Down - October 11, 6:15AM-6:30AM ET",EXCLUDE,crypto_updown,,,
c,prefilter-exclusions (Unknown & prefilter=EXCLUDE),0xe7cc74b6bcb196c267c56fabdb8abbd6af1e556ad5b3ea8922331dffe1c6c67a,"Ethereum Up or Down - September 13, 5:00AM-5:15AM ET",EXCLUDE,crypto_updown,,,
c,prefilter-exclusions (Unknown & prefilter=EXCLUDE),0x877a09cd3149f4625bff8c2d81f163e0f4dfc907129a0bb9d60f7a5eea42f810,"Bitcoin Up or Down - April 18, 2:10PM-2:15PM ET",EXCLUDE,crypto_updown,,,
c,prefilter-exclusions (Unknown & prefilter=EXCLUDE),0xf656cf9c2390d92527023b97273f8a3279a751135d28f157fe8ad98e856f3f50,Exact Score: France 2 - 1 Spain?,EXCLUDE,sports_line,,,
c,prefilter-exclusions (Unknown & prefilter=EXCLUDE),0xcc807952b4460db48fa140685a85076471b511409ee312e22c3948e513e270ea,"Bitcoin Up or Down - March 27, 8:40PM-8:45PM ET",EXCLUDE,crypto_updown,,,
c,prefilter-exclusions (Unknown & prefilter=EXCLUDE),0x428030d95db555cef224ce2b7df35d85ad2a14ecaf6ded4c772cc6fc12f88183,"Bitcoin Up or Down - April 26, 12:10PM-12:15PM ET",EXCLUDE,crypto_updown,,,
c,prefilter-exclusions (Unknown & prefilter=EXCLUDE),0x0c7af1f617cdee4bf21d6ee192d2df0226c92e0efcea213dadfef34acf437ba1,"Will S&P Global say ""Rating"" during earnings call?",EXCLUDE,stocks,,,
c,prefilter-exclusions (Unknown & prefilter=EXCLUDE),0xc82376c45e14dffe1a2981be9477f64f7a546d5dc8345569f899c73b6253be5f,"XRP Up or Down - February 25, 2:40AM-2:45AM ET",EXCLUDE,crypto_updown,,,
c,prefilter-exclusions (Unknown & prefilter=EXCLUDE),0x10a009e86446a62da68843d7fb6c0bc384b2915c44d2b52a3c1d502ffd074033,"XRP Up or Down - July 12, 6:45PM-7:00PM ET",EXCLUDE,crypto_updown,,,
c,prefilter-exclusions (Unknown & prefilter=EXCLUDE),0x37f07b9acde99cf90598e7fadcd515ad0ed776f5311529a83a397ba402276778,Olympique de Marseille vs. FC Metz: O/U 3.5,EXCLUDE,sports_line,,,
c,prefilter-exclusions (Unknown & prefilter=EXCLUDE),0x2db75bb9013a0a10f026d40dc9fc7a5542eaa092c399db9fd7da7f390a0e38d7,Miami Marlins vs. Philadelphia Phillies: O/U 7.5,EXCLUDE,sports_line,,,
c,prefilter-exclusions (Unknown & prefilter=EXCLUDE),0xb2ded68202dbbb4b9399557425960858873a9355fbcb01f79ffe4afb5a952ca0,"XRP Up or Down - June 12, 6:45AM-6:50AM ET",EXCLUDE,crypto_updown,,,
c,prefilter-exclusions (Unknown & prefilter=EXCLUDE),0x5bb866b0d3196f1267ea904ccf8f2f09be105ad664d51f04fb50c255bc89c5db,"Bitcoin Up or Down - May 19, 12:30AM-12:35AM ET",EXCLUDE,crypto_updown,,,
c,prefilter-exclusions (Unknown & prefilter=EXCLUDE),0x5543c6cf6302efdaeba476e9a4cf5f26e30f742d0a07b1eb6397e4fa872d2ea7,"Bitcoin Up or Down - July 1, 11:00AM-11:05AM ET",EXCLUDE,crypto_updown,,,
c,prefilter-exclusions (Unknown & prefilter=EXCLUDE),0x3d3ef82d8251456f6cfd832aa559abd4fd819c97ab879802818018d6ea336969,"Ethereum Up or Down - July 16, 4:45PM-4:50PM ET",EXCLUDE,crypto_updown,,,
c,prefilter-exclusions (Unknown & prefilter=EXCLUDE),0x6b4975584f86098f9672c7d8dfd7ce2b185f582206727eaafd07285cf92dfeda,Will Bulgaria win on 2025-11-15?,EXCLUDE,sports_match_date,,,
c,prefilter-exclusions (Unknown & prefilter=EXCLUDE),0x9f194c778a2d9c96ff9c8c9a4f3f4194d943a2176eac8adce5bd4f384ceeb68a,"Ethereum Up or Down - October 6, 1:45AM-2:00AM ET",EXCLUDE,crypto_updown,,,
c,prefilter-exclusions (Unknown & prefilter=EXCLUDE),0x52935010a79929654f624b30ff470d2c24f28b3198e588c288b68ab237f57057,Raptors vs. Heat: O/U 235.5,EXCLUDE,sports_line,,,
c,prefilter-exclusions (Unknown & prefilter=EXCLUDE),0xfb5171ef369579df05c64754e070c7c1163969940b3be73f930510e2198da637,"Ethereum Up or Down - July 2, 10:55AM-11:00AM ET",EXCLUDE,crypto_updown,,,
c,prefilter-exclusions (Unknown & prefilter=EXCLUDE),0x6ead8f26300e350730ffdf708020a8bc46780c1214e40611bd50648c91131be3,"Bitcoin Up or Down - November 8, 4:45AM-5:00AM ET",EXCLUDE,crypto_updown,,,
c,prefilter-exclusions (Unknown & prefilter=EXCLUDE),0x9a78f07e106861f2113be1e3831e81c7d25137a1ce4d0f6144178353b5c3b9c8,"Solana Up or Down - May 26, 2:05AM-2:10AM ET",EXCLUDE,crypto_updown,,,
c,prefilter-exclusions (Unknown & prefilter=EXCLUDE),0xa0934a4fff09e4b1fc6dd81f5bb960218bdc1b1798b0100c225d12480135f136,"Ethereum Up or Down - May 22, 2:25AM-2:30AM ET",EXCLUDE,crypto_updown,,,
c,prefilter-exclusions (Unknown & prefilter=EXCLUDE),0x3be004a89e48015b02643540b961315176d2e19492ba53620f81cb8b82728df8,"Ethereum Up or Down - July 6, 12AM ET",EXCLUDE,crypto_updown,,,
c,prefilter-exclusions (Unknown & prefilter=EXCLUDE),0xe1c0227c2e9b8f3f2ad89767a4c67ea9eeab1c4d236da42eeaf252543d9e9450,Will 1. FC Magdeburg win on 2025-12-07?,EXCLUDE,sports_match_date,,,
c,prefilter-exclusions (Unknown & prefilter=EXCLUDE),0x07af521ae8565de0e3fa80bb68b2bf1a06c590afab208a5350d36dc80db416b7,"Ethereum Up or Down - April 8, 3:00AM-3:05AM ET",EXCLUDE,crypto_updown,,,
